<?xml version="1.0"?>
<doc>
    <assembly>
        <name>DOTween46</name>
    </assembly>
    <members>
        <member name="T:DG.Tweening.ShortcutExtensions">
            <summary>
            Methods that extend known Unity objects and allow to directly create and control tweens from their instances.
            These, as all DOTween46 methods, require Unity 4.6 or later.
            </summary>
        </member>
        <member name="M:DG.Tweening.ShortcutExtensions.DOFade(UnityEngine.CanvasGroup,System.Single,System.Single)">
            <summary>Tweens a CanvasGroup's alpha color to the given value.
            Also stores the canvasGroup as the tween's target so it can be used for filtered operations</summary>
            <param name="endValue">The end value to reach</param><param name="duration">The duration of the tween</param>
        </member>
        <member name="M:DG.Tweening.ShortcutExtensions.DOColor(UnityEngine.UI.Graphic,UnityEngine.Color,System.Single)">
            <summary>Tweens an Graphic's color to the given value.
            Also stores the image as the tween's target so it can be used for filtered operations</summary>
            <param name="endValue">The end value to reach</param><param name="duration">The duration of the tween</param>
        </member>
        <member name="M:DG.Tweening.ShortcutExtensions.DOFade(UnityEngine.UI.Graphic,System.Single,System.Single)">
            <summary>Tweens an Graphic's alpha color to the given value.
            Also stores the image as the tween's target so it can be used for filtered operations</summary>
            <param name="endValue">The end value to reach</param><param name="duration">The duration of the tween</param>
        </member>
        <member name="M:DG.Tweening.ShortcutExtensions.DOColor(UnityEngine.UI.Image,UnityEngine.Color,System.Single)">
            <summary>Tweens an Image's color to the given value.
            Also stores the image as the tween's target so it can be used for filtered operations</summary>
            <param name="endValue">The end value to reach</param><param name="duration">The duration of the tween</param>
        </member>
        <member name="M:DG.Tweening.ShortcutExtensions.DOFade(UnityEngine.UI.Image,System.Single,System.Single)">
            <summary>Tweens an Image's alpha color to the given value.
            Also stores the image as the tween's target so it can be used for filtered operations</summary>
            <param name="endValue">The end value to reach</param><param name="duration">The duration of the tween</param>
        </member>
        <member name="M:DG.Tweening.ShortcutExtensions.DOFlexibleSize(UnityEngine.UI.LayoutElement,UnityEngine.Vector2,System.Single,System.Boolean)">
            <summary>Tweens an LayoutElement's flexibleWidth/Height to the given value.
            Also stores the LayoutElement as the tween's target so it can be used for filtered operations</summary>
            <param name="endValue">The end value to reach</param><param name="duration">The duration of the tween</param>
            <param name="snapping">If TRUE the tween will smoothly snap all values to integers</param>
        </member>
        <member name="M:DG.Tweening.ShortcutExtensions.DOMinSize(UnityEngine.UI.LayoutElement,UnityEngine.Vector2,System.Single,System.Boolean)">
            <summary>Tweens an LayoutElement's minWidth/Height to the given value.
            Also stores the LayoutElement as the tween's target so it can be used for filtered operations</summary>
            <param name="endValue">The end value to reach</param><param name="duration">The duration of the tween</param>
            <param name="snapping">If TRUE the tween will smoothly snap all values to integers</param>
        </member>
        <member name="M:DG.Tweening.ShortcutExtensions.DOPreferredSize(UnityEngine.UI.LayoutElement,UnityEngine.Vector2,System.Single,System.Boolean)">
            <summary>Tweens an LayoutElement's preferredWidth/Height to the given value.
            Also stores the LayoutElement as the tween's target so it can be used for filtered operations</summary>
            <param name="endValue">The end value to reach</param><param name="duration">The duration of the tween</param>
            <param name="snapping">If TRUE the tween will smoothly snap all values to integers</param>
        </member>
        <member name="M:DG.Tweening.ShortcutExtensions.DOColor(UnityEngine.UI.Outline,UnityEngine.Color,System.Single)">
            <summary>Tweens a Outline's effectColor to the given value.
            Also stores the Outline as the tween's target so it can be used for filtered operations</summary>
            <param name="endValue">The end value to reach</param><param name="duration">The duration of the tween</param>
        </member>
        <member name="M:DG.Tweening.ShortcutExtensions.DOFade(UnityEngine.UI.Outline,System.Single,System.Single)">
            <summary>Tweens a Outline's effectColor alpha to the given value.
            Also stores the Outline as the tween's target so it can be used for filtered operations</summary>
            <param name="endValue">The end value to reach</param><param name="duration">The duration of the tween</param>
        </member>
        <member name="M:DG.Tweening.ShortcutExtensions.DOScale(UnityEngine.UI.Outline,UnityEngine.Vector2,System.Single)">
            <summary>Tweens a Outline's effectDistance to the given value.
            Also stores the Outline as the tween's target so it can be used for filtered operations</summary>
            <param name="endValue">The end value to reach</param><param name="duration">The duration of the tween</param>
        </member>
        <member name="M:DG.Tweening.ShortcutExtensions.DOAnchorPos(UnityEngine.RectTransform,UnityEngine.Vector2,System.Single,System.Boolean)">
            <summary>Tweens a RectTransform's anchoredPosition to the given value.
            Also stores the RectTransform as the tween's target so it can be used for filtered operations</summary>
            <param name="endValue">The end value to reach</param><param name="duration">The duration of the tween</param>
            <param name="snapping">If TRUE the tween will smoothly snap all values to integers</param>
        </member>
        <member name="M:DG.Tweening.ShortcutExtensions.DOAnchorPos3D(UnityEngine.RectTransform,UnityEngine.Vector3,System.Single,System.Boolean)">
            <summary>Tweens a RectTransform's anchoredPosition3D to the given value.
            Also stores the RectTransform as the tween's target so it can be used for filtered operations</summary>
            <param name="endValue">The end value to reach</param><param name="duration">The duration of the tween</param>
            <param name="snapping">If TRUE the tween will smoothly snap all values to integers</param>
        </member>
        <member name="M:DG.Tweening.ShortcutExtensions.DOSizeDelta(UnityEngine.RectTransform,UnityEngine.Vector2,System.Single,System.Boolean)">
            <summary>Tweens a RectTransform's sizeDelta to the given value.
            Also stores the RectTransform as the tween's target so it can be used for filtered operations</summary>
            <param name="endValue">The end value to reach</param><param name="duration">The duration of the tween</param>
            <param name="snapping">If TRUE the tween will smoothly snap all values to integers</param>
        </member>
        <member name="M:DG.Tweening.ShortcutExtensions.DOValue(UnityEngine.UI.Slider,System.Single,System.Single,System.Boolean)">
            <summary>Tweens a Slider's value to the given value.
            Also stores the Slider as the tween's target so it can be used for filtered operations</summary>
            <param name="endValue">The end value to reach</param><param name="duration">The duration of the tween</param>
            <param name="snapping">If TRUE the tween will smoothly snap all values to integers</param>
        </member>
        <member name="M:DG.Tweening.ShortcutExtensions.DOColor(UnityEngine.UI.Text,UnityEngine.Color,System.Single)">
            <summary>Tweens a Text's color to the given value.
            Also stores the Text as the tween's target so it can be used for filtered operations</summary>
            <param name="endValue">The end value to reach</param><param name="duration">The duration of the tween</param>
        </member>
        <member name="M:DG.Tweening.ShortcutExtensions.DOFade(UnityEngine.UI.Text,System.Single,System.Single)">
            <summary>Tweens a Text's alpha color to the given value.
            Also stores the Text as the tween's target so it can be used for filtered operations</summary>
            <param name="endValue">The end value to reach</param><param name="duration">The duration of the tween</param>
        </member>
    </members>
</doc>
