<?xml version="1.0"?>
<doc>
    <assembly>
        <name>DOTweenEditor</name>
    </assembly>
    <members>
        <member name="T:DG.DOTweenEditor.DOTweenSetupMenuItem">
            <summary>
            Not used as menu item anymore, but as a utiity function
            </summary>
        </member>
        <member name="M:DG.DOTweenEditor.DOTweenSetupMenuItem.Setup(System.Boolean)">
            <summary>
            Setups DOTween
            </summary>
            <param name="partiallySilent">If TRUE, no warning window appears in case there is no need for setup</param>
        </member>
        <member name="M:DG.DOTweenEditor.Core.EditorUtils.SetEditorTexture(UnityEngine.Texture2D,UnityEngine.FilterMode,System.Int32)">
            <summary>
            Checks that the given editor texture use the correct import settings,
            and applies them if they're incorrect.
            </summary>
        </member>
        <member name="M:DG.DOTweenEditor.Core.EditorUtils.DOTweenSetupRequired">
            <summary>
            Returns TRUE if addons setup is required.
            </summary>
        </member>
    </members>
</doc>
